{
  "94.153.241.134": {
    "09/08/2022, 14:00:38": {
      "wikipedia.org": {
        "time": 0.6546235084533691,
        "addr": "91.198.174.192",
        "ttl": 387,
        "sent_time": 1662634843.5522034,
        "recv_time": 1662634844.206827
      },
      "china.org.cn": {
        "time": 0.9101216793060303,
        "addr": "202.130.245.42",
        "ttl": 600,
        "sent_time": 1662634849.2999604,
        "recv_time": 1662634850.210082
      },
      "fdgdhghfhfghfjfdhdh.com": {
        "time": 0.7176923751831055,
        "addr": "--",
        "ttl": 0,
        "sent_time": 1662634860.2343547,
        "recv_time": 1662634860.952047
      },
      "cnbc.com": {
        "time": 1.021212100982666,
        "addr": "50.234.250.31",
        "ttl": 30,
        "sent_time": 1662634860.955415,
        "recv_time": 1662634861.976627
      },
      "lexico.com": {
        "time": 0.6482594013214111,
        "addr": "151.101.194.133",
        "ttl": 33620,
        "sent_time": 1662634866.9999576,
        "recv_time": 1662634867.648217
      },
      "tr-ex.me": {
        "time": 0.7052628993988037,
        "addr": "46.229.170.226",
        "ttl": 180,
        "sent_time": 1662634867.652131,
        "recv_time": 1662634868.357394
      },
      "tvtropes.org": {
        "time": 0.7343769073486328,
        "addr": "108.156.28.19",
        "ttl": 60,
        "sent_time": 1662634878.3859222,
        "recv_time": 1662634879.120299
      },
      "tandfonline.com": {
        "time": 0.6188168525695801,
        "addr": "104.18.18.218",
        "ttl": 300,
        "sent_time": 1662634889.2103872,
        "recv_time": 1662634889.829204
      },
      "amazon.in": {
        "time": 0.7094757556915283,
        "addr": "52.95.120.67",
        "ttl": 60,
        "sent_time": 1662634889.8370101,
        "recv_time": 1662634890.546486
      },
      "archive.org": {
        "time": 0.8199355602264404,
        "addr": "207.241.224.2",
        "ttl": 300,
        "sent_time": 1662634890.5552685,
        "recv_time": 1662634891.375204
      },
      "amitdvir.com": {
        "time": 0.8084759712219238,
        "addr": "160.153.129.23",
        "ttl": 10800,
        "sent_time": 1662634896.392985,
        "recv_time": 1662634897.201461
      },
      "nihonsport.com": {
        "time": 0.7319736480712891,
        "addr": "136.144.238.163",
        "ttl": 60,
        "sent_time": 1662634912.2393844,
        "recv_time": 1662634912.971358
      },
      "aeon-ryukyu.jp": {
        "time": 1.136167287826538,
        "addr": "58.138.178.56",
        "ttl": 300,
        "sent_time": 1662634917.9869177,
        "recv_time": 1662634919.123085
      },
      "4stringsjp.com": {
        "time": 0.9222350120544434,
        "addr": "183.90.232.44",
        "ttl": 86400,
        "sent_time": 1662634919.128854,
        "recv_time": 1662634920.051089
      }
    },
    "09/08/2022, 14:02:11": {
      "wikipedia.org": {
        "time": 0.6369311809539795,
        "addr": "91.198.174.192",
        "ttl": 15,
        "sent_time": 1662634936.7284417,
        "recv_time": 1662634937.365373
      },
      "china.org.cn": {
        "time": 0.8924338817596436,
        "addr": "202.130.245.42",
        "ttl": 86400,
        "sent_time": 1662634937.3713791,
        "recv_time": 1662634938.263813
      },
      "fdgdhghfhfghfjfdhdh.com": {
        "time": 0.6176109313964844,
        "addr": "--",
        "ttl": 0,
        "sent_time": 1662634943.278098,
        "recv_time": 1662634943.895709
      },
      "cnbc.com": {
        "time": 0.6250879764556885,
        "addr": "50.234.250.32",
        "ttl": 30,
        "sent_time": 1662634943.897574,
        "recv_time": 1662634944.522662
      },
      "lexico.com": {
        "time": 0.723505973815918,
        "addr": "151.101.66.133",
        "ttl": 32122,
        "sent_time": 1662634954.538646,
        "recv_time": 1662634955.262152
      },
      "tr-ex.me": {
        "time": 0.7094194889068604,
        "addr": "46.229.170.226",
        "ttl": 93,
        "sent_time": 1662634955.2694795,
        "recv_time": 1662634955.978899
      },
      "tvtropes.org": {
        "time": 0.7123637199401855,
        "addr": "108.156.28.108",
        "ttl": 60,
        "sent_time": 1662634961.0009103,
        "recv_time": 1662634961.713274
      },
      "tandfonline.com": {
        "time": 0.7085428237915039,
        "addr": "104.18.19.218",
        "ttl": 300,
        "sent_time": 1662634961.7216911,
        "recv_time": 1662634962.430234
      },
      "amazon.in": {
        "time": 0.7173857688903809,
        "addr": "52.95.116.115",
        "ttl": 42,
        "sent_time": 1662634967.4483812,
        "recv_time": 1662634968.165767
      },
      "archive.org": {
        "time": 0.7161123752593994,
        "addr": "207.241.224.2",
        "ttl": 296,
        "sent_time": 1662634973.1828337,
        "recv_time": 1662634973.898946
      },
      "amitdvir.com": {
        "time": 0.7426095008850098,
        "addr": "160.153.129.23",
        "ttl": 10717,
        "sent_time": 1662634978.9236834,
        "recv_time": 1662634979.666293
      },
      "nihonsport.com": {
        "time": 0.7217411994934082,
        "addr": "136.144.238.163",
        "ttl": 60,
        "sent_time": 1662634979.6703959,
        "recv_time": 1662634980.392137
      },
      "aeon-ryukyu.jp": {
        "time": 1.1130921840667725,
        "addr": "58.138.178.56",
        "ttl": 300,
        "sent_time": 1662634985.4021158,
        "recv_time": 1662634986.515208
      },
      "4stringsjp.com": {
        "time": 0.7188382148742676,
        "addr": "183.90.232.44",
        "ttl": 86273,
        "sent_time": 1662635046.703472,
        "recv_time": 1662635047.42231
      }
    },
    "09/08/2022, 14:04:19": {
      "wikipedia.org": {
        "time": 0.6836349964141846,
        "addr": "91.198.174.192",
        "ttl": 494,
        "sent_time": 1662635059.128703,
        "recv_time": 1662635059.812338
      },
      "china.org.cn": {
        "time": 0.7145218849182129,
        "addr": "202.130.245.42",
        "ttl": 32017,
        "sent_time": 1662635059.817799,
        "recv_time": 1662635060.532321
      },
      "fdgdhghfhfghfjfdhdh.com": {
        "time": 0.3518486022949219,
        "addr": "--",
        "ttl": 0,
        "sent_time": 1662635065.5517464,
        "recv_time": 1662635065.903595
      },
      "cnbc.com": {
        "time": 0.7666869163513184,
        "addr": "50.234.250.31",
        "ttl": 30,
        "sent_time": 1662635065.906466,
        "recv_time": 1662635066.673153
      },
      "lexico.com": {
        "time": 0.7243354320526123,
        "addr": "151.101.66.133",
        "ttl": 33410,
        "sent_time": 1662635076.7020395,
        "recv_time": 1662635077.426375
      },
      "tr-ex.me": {
        "time": 0.7944686412811279,
        "addr": "46.229.170.226",
        "ttl": 67,
        "sent_time": 1662635089.5347493,
        "recv_time": 1662635090.329218
      },
      "tvtropes.org": {
        "time": 0.7381694316864014,
        "addr": "13.224.189.119",
        "ttl": 60,
        "sent_time": 1662635090.3445826,
        "recv_time": 1662635091.082752
      },
      "tandfonline.com": {
        "time": 0.16173577308654785,
        "addr": "104.18.18.218",
        "ttl": 93,
        "sent_time": 1662635096.1051993,
        "recv_time": 1662635096.266935
      },
      "amazon.in": {
        "time": 0.7520806789398193,
        "addr": "52.95.116.115",
        "ttl": 60,
        "sent_time": 1662635106.3235693,
        "recv_time": 1662635107.07565
      },
      "archive.org": {
        "time": 0.8326206207275391,
        "addr": "207.241.224.2",
        "ttl": 300,
        "sent_time": 1662635122.1711054,
        "recv_time": 1662635123.003726
      },
      "amitdvir.com": {
        "time": 0.6653141975402832,
        "addr": "160.153.129.23",
        "ttl": 10553,
        "sent_time": 1662635143.0574958,
        "recv_time": 1662635143.72281
      },